{
  "baseline_tps": 18.918285141977066,
  "gpt2_tps": 1.6291693850789926,
  "gpt2_alpha": 0.3329124579124579,
  "mamba_tps": 1.416061844652478,
  "mamba_alpha": 0.28509803921568627,
  "beta_gpt2": 0.06515001335197165,
  "beta_mamba": 0.09945568816388084
}